Workbook

Sheet Initial tests
G1: Head mode | N1: 100 | O1: kv | Q1: hVL | R1: 8.5 mmAl
G2: test 2 | K2: Blade pos | L2: x1 | M2: 14 | N2: 15 | O2: mA
A3: couch (cm) | B3: kv | C3: Gy | D3: uGy/s | G3: couch (cm) | H3: uGy/s | L3: x2 | M3: 14 | N3: 20 | O3: ms
A4: 0 | D4: 201 | G4: 0 | L4: y1 | M4: 10.7
A5: -5 | D5: 199 | G5: 0.5 | L5: y2 | M5: 10.7
A6: -10 | D6: 59.5 | G6: 1
A7: -15 | D7: 0 | G7: 1.5
G8: 2
G9: 2.5
G10: 3
G11: 3.5
G12: 4
G13: 4.5
G14: 5
G15: 5.5
G16: 6
G17: 6.5
G18: 7
G19: 7.5
... G34: 15
F36: 0 | G36: 0 | H36: 167 | J36: 165
F37: -0.5 | G37: 999.5 | H37: 165
F38: -1 | G38: 999 | H38: 164
F39: -1.5 | G39: 998.5 | H39: 162
F40: -2 | G40: 998 | H40: 156
F41: -2.5 | G41: 997.5 | H41: 151
F42: -3 | G42: 997 | H42: 145
F43: -3.5 | G43: 996.5 | H43: 136
F44: -4 | G44: 996 | H44: 133
F45: -4.5 | G45: 995.5 | H45: 111
F46: -5 | G46: 995 | H46: 105
F47: -5.5 | G47: 994.5 | H47: 94
F48: -6 | G48: 994 | H48: 83 | J48: 72.8
F49: -6.5 | G49: 993.5 | H49: 72 | J49: 60.4
F50: -7 | G50: 993 | H50: 59 | J50: 46.6
F51: -7.5 | G51: 992.5 | H51: 44 | J51: 33
F52: -8 | G52: 992 | I52: rf low? | J52: 28.5
F53: -8.5 | G53: 991.5 | J53: 26
F54: -9 | G54: 991 | J54: 24.5
F55: -9.5 | G55: 990.5 | J55: 24.5
F56: -10 | G56: 990 | J56: 23.5
F57: -10.5 | G57: 989.5 | J57: 22
F58: -11 | G58: 989 | J58: 21.7
F59: -11.5 | G59: 988.5 | J59: 21.4
F60: -12 | G60: 988 | J60: 21
F61: -12.5 | G61: 987.5 | J61: 20.7
F62: -13 | G62: 987 | J62: 17.9
F63: -13.5 | G63: 986.5 | J63: 17.9
F64: -14 | G64: 986
F65: -14.5 | G65: 985.5
F66: -15 | G66: 985

Sheet Head
A1: Head | E1: x1 | F1: 14
B2: kvp | C2: 100 | E2: x2 | F2: 14
B3: mA | C3: 15 | E3: y1 | F3: 10.7
B4: ms | C4: 20 | E4: y2 | F4: 10.7
B5: frames/s | C5: 15
B6: Fan type | C6: Full
B7: Arc type | C7: Half
A9: kV | B9: 100.38 | C9: kV
A10: HVL | B10: 6.887 | C10: mm Al | K10: We need to convert the dose rate uGy/s ("New tests August" tab) to a mGy per projection
A11: Total filt | B11: 10.829 | C11: mmAl TF | K11: use the total frames per second to get the time for one frame
A12: Dose | B12: 1.392 | C12: mGy | K12: =1/B14 -> 0.067801667 | L12: s/frame
A13: Dose rate | B13: 0.171 | C13: mGy/s
A14: frame/s | B14: 14.7489 | C14: frame/s | K14: now we can use this to scale the values in New tests August

Sheet Pelvis
A1: Pelvis | F1: x1 | G1: 24.7 | H1: cm | J1: rf high
B2: kvp | C2: 125 | F2: x2 | G2: 3.3
B3: mA | C3: 60 | F3: y1 | G3: 10.7
B4: ms | C4: 20 | F4: y2 | G4: 10.7
B5: frames/s | C5: 15
B6: Fan type | C6: Half
B7: Arc type | C7: Full
A9: kV | B9: 129.04 | C9: kV | I9: We need to convert the dose rate uGy/s ("New tests August" tab) to a mGy per projection
A10: HVL | B10: 8.371 | C10: mm Al | I10: use the total frames per second to get the time for one frame
A11: Total filt | B11: - | C11: mmAl TF | I11: =1/B14 -> 0.067762614 | J11: s/frame
A12: Dose | B12: 9.28 | C12: mGy
A13: Dose rate | B13: 1.11 | C13: mGy/s | I13: now we can use this to scale the values in New tests August
A14: frame/s | B14: 14.7574 | C14: frame/s
I15: Centre of beam
I16: =(G1+G2)/2 -> 14 | J16: cm

Sheet Pelvis large
A1: Pelvis large | F1: x1 | G1: 24.7 | H1: cm | J1: rf high
B2: kvp | C2: 140 | F2: x2 | G2: 3.3
B3: mA | C3: 75 | F3: y1 | G3: 10.7
B4: ms | C4: 25 | F4: y2 | G4: 10.7
B5: frames/s | C5: 5
B6: Fan type | C6: Half
B7: Arc type | C7: Full
A9: kV | B9: 143.29 | C9: kV
A10: HVL | B10: 8.942 | C10: mm Al
A11: Total filt | B11: - | C11: mmAl TF
A12: Dose | B12: 6.008 | C12: mGy
A13: Dose rate | B13: 0.75 | C13: mGy/s
A14: frame/s | B14: 4.96689 | C14: frame/s

Sheet Breast
A1: Breast 360 | B1: half arc | C1: full fan | E1: Breast 200 | F1: half arc | G1: full fan | I1: x1 | J1: 14
B2: kvp | C2: 125 | F2: kvp | G2: 125 | I2: x2 | J2: 14
B3: mA | C3: 10 | F3: mA | G3: 10 | I3: y1 | J3: 10.7
B4: ms | C4: 10 | F4: ms | G4: 10 | I4: y2 | J4: 10.7
B5: frames/s | C5: 7 | F5: frames/s | G5: 7
B6: Fan type | C6: Full | F6: Fan type | G6: Full
B7: Arc type | C7: Half | F7: Arc type | G7: Half
A9: kV | B9: 122.89 | C9: kV | E9: kV | F9: 121.1 | G9: kV
A10: HVL | B10: 7.849 | C10: mm Al | E10: HVL | F10: 7.857 | G10: mm Al
A11: Total filt | B11: 9.88308 | C11: mmAl TF | E11: Total filt | F11: 10.8568 | G11: mmAl TF
A12: Dose | B12: 0.689 | C12: mGy | E12: Dose | F12: 0.556 | G12: mGy
A13: Dose rate | B13: 0.066 | C13: mGy/s | E13: Dose rate | F13: 0.006 | G13: mGy/s
A14: frame/s | B14: 7 | C14: frame/s | E14: frame/s | F14: - | G14: frame/s
A16: IGNORING THESE NUMBERS, BREAST 360 IS HALF FAN FULL ARC
B20: We need to convert the dose rate uGy/s ("New tests August" tab) to a mGy per projection
B21: use the total frames per second to get the time for one frame
B22: =1/B14 -> 0.14285714 | C22: s/frame
B24: now we can use this to scale the values in New tests August

Sheet Thorax
A1: Thorax | F1: x1 | G1: 24.7 | H1: cm
B2: kvp | C2: 125 | F2: x2 | G2: 3.3
B3: mA | C3: 15 | F3: y1 | G3: 10.7
B4: ms | C4: 20 | F4: y2 | G4: 10.7
B5: frames/s | C5: 15
B6: Fan type | C6: Half
B7: Arc type | C7: Full
A9: kV | B9: 123.96 | C9: kV
A10: HVL | B10: 7.953 | C10: mm Al | K10: We need to convert the dose rate uGy/s ("New tests August" tab) to a mGy per projection
A11: Total filt | B11: - | C11: mmAl TF | K11: use the total frames per second to get the time for one frame
A12: Dose | B12: 3.839 | C12: mGy | K12: =1/B14 -> 0.067724065
A13: Dose rate | B13: 0.321 | C13: mGy/s
A14: frame/s | B14: 14.7658 | C14: frame/s | K14: now we can use this to scale the values in New tests August

Sheet Image gently
A1: Image gently | E1: x1 | F1: 14 | H1: rf low
B2: kvp | C2: 80 | E2: x2 | F2: 14
B3: mA | C3: 20 | E3: y1 | F3: 10.7
B4: ms | C4: 10 | E4: y2 | F4: 10.7
B5: frames/s | C5: 15
B6: Fan type | C6: Full
B7: Arc type | C7: Half
A9: kV | B9: 79.81 | C9: kV
A10: HVL | B10: 5.737 | C10: mm Al
A11: Total filt | B11: 10.9072 | C11: mmAl TF
A12: Dose | B12: 0.631 | C12: mGy
A13: Dose rate | B13: 0.058 | C13: mGy/s
A14: frame/s | B14: 14.7813 | C14: frame/s

Sheet Collated data
A2: Head | B2: Mode | C2: RF high | E2: Pelvis | F2: Mode | G2: RF high | I2: Pelvis large | J2: Mode | K2: RF high | M2: Breast 360 | N2: Mode | O2: RF high | Q2: Breast 200 | R2: Mode | S2: RF high | U2: Thorax | V2: Mode | W2: RF high | Y2: Image gently | Z2: Mode | AA2: RF low
B3: kvp | C3: 100 | F3: kvp | G3: 125 | J3: kvp | K3: 140 | N3: kvp | O3: 125 | R3: kvp | S3: 125 | V3: kvp | W3: 125 | Z3: kvp | AA3: 80
B4: mA | C4: 15 | F4: mA | G4: 60 | J4: mA | K4: 75 | N4: mA | O4: 10 | R4: mA | S4: 10 | V4: mA | W4: 15 | Z4: mA | AA4: 20
B5: ms | C5: 20 | F5: ms | G5: 20 | J5: ms | K5: 25 | N5: ms | O5: 10 | R5: ms | S5: 10 | V5: ms | W5: 20 | Z5: ms | AA5: 10
B6: frames/s | C6: 15 | F6: frames/s | G6: 15 | J6: frames/s | K6: 5 | N6: frames/s | O6: 7 | R6: frames/s | S6: 7 | V6: frames/s | W6: 15 | Z6: frames/s | AA6: 15
B7: Fan type | C7: Full | F7: Fan type | G7: Half | J7: Fan type | K7: Half | N7: Fan type | O7: Full | R7: Fan type | S7: Full | V7: Fan type | W7: Half | Z7: Fan type | AA7: Full
B8: Arc type | C8: Half | F8: Arc type | G8: Full | J8: Arc type | K8: Full | N8: Arc type | O8: Half | R8: Arc type | S8: Half | V8: Arc type | W8: Full | Z8: Arc type | AA8: Half
A10: kV | B10: 100.38 | C10: kV | E10: kV | F10: 129.04 | G10: kV | I10: kV | J10: 143.29 | K10: kV | M10: kV | N10: 122.89 | O10: kV | Q10: kV | R10: 121.1 | S10: kV | U10: kV | V10: 123.96 | W10: kV | Y10: kV | Z10: 79.81 | AA10: kV
A11: HVL | B11: 6.887 | C11: mm Al | E11: HVL | F11: 8.371 | G11: mm Al | I11: HVL | J11: 8.942 | K11: mm Al | M11: HVL | N11: 7.849 | O11: mm Al | Q11: HVL | R11: 7.857 | S11: mm Al | U11: HVL | V11: 7.953 | W11: mm Al | Y11: HVL | Z11: 5.737 | AA11: mm Al
A12: Total filt | B12: 10.829 | C12: mmAl TF | E12: Total filt | F12: - | G12: mmAl TF | I12: Total filt | J12: - | K12: mmAl TF | M12: Total filt | N12: 9.88308 | O12: mmAl TF | Q12: Total filt | R12: 10.8568 | S12: mmAl TF | U12: Total filt | V12: - | W12: mmAl TF | Y12: Total filt | Z12: 10.9072 | AA12: mmAl TF
A13: Dose | B13: 1.392 | C13: mGy | E13: Dose | F13: 9.28 | G13: mGy | I13: Dose | J13: 6.008 | K13: mGy | M13: Dose | N13: 0.689 | O13: mGy | Q13: Dose | R13: 0.556 | S13: mGy | U13: Dose | V13: 3.839 | W13: mGy | Y13: Dose | Z13: 0.631 | AA13: mGy
A14: Dose rate | B14: 0.171 | C14: mGy/s | E14: Dose rate | F14: 1.11 | G14: mGy/s | I14: Dose rate | J14: 0.75 | K14: mGy/s | M14: Dose rate | N14: 0.066 | O14: mGy/s | Q14: Dose rate | R14: 0.006 | S14: mGy/s | U14: Dose rate | V14: 0.321 | W14: mGy/s | Y14: Dose rate | Z14: 0.058 | AA14: mGy/s
A15: frame/s | B15: 14.7489 | C15: frame/s | E15: frame/s | F15: 14.7574 | G15: frame/s | I15: frame/s | J15: 4.96689 | K15: frame/s | M15: frame/s | N15: - | O15: frame/s | Q15: frame/s | R15: - | S15: frame/s | U15: frame/s | V15: 14.7658 | W15: frame/s | Y15: frame/s | Z15: 14.7813 | AA15: frame/s
A17: Blades | E17: Blades | I17: Blades | M17: Blades | Q17: Blades | U17: Blades | Y17: Blades
A18: x1 | B18: 14 | C18: cm | E18: x1 | F18: 24.7 | G18: cm | I18: x1 | J18: 24.7 | K18: cm | M18: x1 | N18: 14 | O18: cm | Q18: x1 | R18: 14 | S18: cm | U18: x1 | V18: 24.7 | W18: cm | Y18: x1 | Z18: 14 | AA18: cm
A19: x2 | B19: 14 | E19: x2 | F19: 3.3 | I19: x2 | J19: 3.3 | M19: x2 | N19: 14 | Q19: x2 | R19: 14 | U19: x2 | V19: 3.3 | Y19: x2 | Z19: 14
A20: y1 | B20: 10.7 | E20: y1 | F20: 10.7 | I20: y1 | J20: 10.7 | M20: y1 | N20: 10.7 | Q20: y1 | R20: 10.7 | U20: y1 | V20: 10.7 | Y20: y1 | Z20: 10.7
A21: y2 | B21: 10.7 | E21: y2 | F21: 10.7 | I21: y2 | J21: 10.7 | M21: y2 | N21: 10.7 | Q21: y2 | R21: 10.7 | U21: y2 | V21: 10.7 | Y21: y2 | Z21: 10.7

Sheet New tests August
C2: Head | D2: Mode | E2: RF high | P2: Pelvis | Q2: Mode | R2: RF high | U2: Breast 360 | V2: Mode | W2: RF high | AA2: Pelvis large | AB2: Mode | AC2: RF high | AF2: Breast 200 | AG2: Mode | AH2: RF high | AK2: Thorax | AL2: Mode | AM2: RF high | AP2: Image gently | AQ2: Mode | AR2: RF low
D3: kvp | E3: 100 | Q3: kvp | R3: 125 | V3: kvp | W3: 125 | AB3: kvp | AC3: 140 | AG3: kvp | AH3: 125 | AL3: kvp | AM3: 125 | AQ3: kvp | AR3: 80
D4: mA | E4: 15 | Q4: mA | R4: 60 | V4: mA | W4: 10 | AB4: mA | AC4: 75 | AG4: mA | AH4: 10 | AL4: mA | AM4: 15 | AQ4: mA | AR4: 20
D5: ms | E5: 20 | Q5: ms | R5: 20 | V5: ms | W5: 10 | AB5: ms | AC5: 25 | AG5: ms | AH5: 10 | AL5: ms | AM5: 20 | AQ5: ms | AR5: 10
D6: frames/s | E6: 15 | Q6: frames/s | R6: 15 | V6: frames/s | W6: 7 | AB6: frames/s | AC6: 5 | AG6: frames/s | AH6: 7 | AL6: frames/s | AM6: 15 | AQ6: frames/s | AR6: 15
D7: Fan type | E7: Full | Q7: Fan type | R7: Half | V7: Fan type | W7: Full | AB7: Fan type | AC7: Half | AG7: Fan type | AH7: Full | AL7: Fan type | AM7: Half | AQ7: Fan type | AR7: Full | AY7: Outcomes of PCXMC
D8: Arc type | E8: Half | Q8: Arc type | R8: Full | V8: Arc type | W8: Half | AB8: Arc type | AC8: Full | AG8: Arc type | AH8: Half | AL8: Arc type | AM8: Full | AQ8: Arc type | AR8: Half
U9: THIS IS HALF FAN | AY9: ICRP103 | AZ9: effectove dose (mSv)
C10: INPLANE | I10: CROSSPLANE | U10: THIS DATA INCORRECT | AY10: protocol | AZ10: male 180cm 88kg
C11: Couch (cm) | D11: Dose rate uGy/s | E11: Total Filtration | I11: Couch (cm) | J11: Dose rate uGy/s | K11: Air kerma per projection | M11: Total Filtration | P11: Couch (cm) | Q11: Dose rate uGy/s | R11: HVL (TF not working) | U11: Couch (cm) | V11: Dose rate uGy/s | W11: HVL Al | X11: Total Filtration | AA11: Couch (cm) | AB11: Dose rate uGy/s | AC11: Total Filtration | AF11: Couch (cm) | AG11: Dose rate uGy/s | AH11: Total Filtration | AK11: Couch (cm) | AL11: Dose rate uGy/s | AM11: Total Filtration | AP11: Couch (cm) | AQ11: Dose rate uGy/s | AR11: Total Filtration | AY11: head | AZ11: 0.39
E12: HVL in Aarons work?? | K12: mGy/frame | M12: mmAl | Q12: B WALL | V12: B WALL | AB12: B WALL | AY12: Pelvis | AZ12: 4.85
B13: =B$45+C13 -> 99.6 | C13: 15 | D13: SUP | H13: =H$45+I13 -> 15.06 | I13: 15 | J13: B WALL | O13: =O$45+P13 -> 15.06 | P13: 15 | T13: =T$45+U13 -> 15.06 | U13: 15 | Z13: =Z$45+AA13 -> 15.06 | AA13: 15 | AF13: 15 | AK13: 15 | AP13: 15 | AY13: Breast360 | AZ13: 6.4
B14: =B$45+C14 -> 99.1 | C14: 14.5 | H14: =H$45+I14 -> 14.56 | I14: 14.5 | O14: =O$45+P14 -> 14.56 | P14: 14.5 | T14: =T$45+U14 -> 14.56 | U14: 14.5 | Z14: =Z$45+AA14 -> 14.56 | AA14: 14.5 | AF14: 14.5 | AK14: 14.5 | AP14: 14.5 | AY14: H&N/Shoulders | AZ14: 0.39
B15: =B$45+C15 -> 98.6 | C15: 14 | H15: =H$45+I15 -> 14.06 | I15: 14 | O15: =O$45+P15 -> 14.06 | P15: 14 | T15: =T$45+U15 -> 14.06 | U15: 14 | Z15: =Z$45+AA15 -> 14.06 | AA15: 14 | AF15: 14 | AK15: 14 | AP15: 14 | AY15: Thorax | AZ15: 2.86
B16: =B$45+C16 -> 98.1 | C16: 13.5 | H16: =H$45+I16 -> 13.56 | I16: 13.5 | O16: =O$45+P16 -> 13.56 | P16: 13.5 | T16: =T$45+U16 -> 13.56 | U16: 13.5 | Z16: =Z$45+AA16 -> 13.56 | AA16: 13.5 | AF16: 13.5 | AK16: 13.5 | AP16: 13.5
B17: =B$45+C17 -> 97.6 | C17: 13 | H17: =H$45+I17 -> 13.06 | I17: 13 | O17: =O$45+P17 -> 13.06 | P17: 13 | T17: =T$45+U17 -> 13.06 | U17: 13 | Z17: =Z$45+AA17 -> 13.06 | AA17: 13 | AF17: 13 | AK17: 13 | AP17: 13
B18: =B$45+C18 -> 97.1 | C18: 12.5 | H18: =H$45+I18 -> 12.56 | I18: 12.5 | O18: =O$45+P18 -> 12.56 | P18: 12.5 | T18: =T$45+U18 -> 12.56 | U18: 12.5 | Z18: =Z$45+AA18 -> 12.56 | AA18: 12.5 | AF18: 12.5 | AK18: 12.5 | AP18: 12.5
B19: =B$45+C19 -> 96.6 | C19: 12 | H19: =H$45+I19 -> 12.06 | I19: 12 | O19: =O$45+P19 -> 12.06 | P19: 12 | T19: =T$45+U19 -> 12.06 | U19: 12 | Z19: =Z$45+AA19 -> 12.06 | AA19: 12 | AF19: 12 | AK19: 12 | AP19: 12
B20: =B$45+C20 -> 96.1 | C20: 11.5 | H20: =H$45+I20 -> 11.56 | I20: 11.5 | O20: =O$45+P20 -> 11.56 | P20: 11.5 | T20: =T$45+U20 -> 11.56 | U20: 11.5 | Z20: =Z$45+AA20 -> 11.56 | AA20: 11.5 | AF20: 11.5 | AK20: 11.5 | AP20: 11.5
B21: =B$45+C21 -> 95.6 | C21: 11 | H21: =H$45+I21 -> 11.06 | I21: 11 | J21: colide with gantry head can't go further | O21: =O$45+P21 -> 11.06 | P21: 11 | T21: =T$45+U21 -> 11.06 | U21: 11 | Z21: =Z$45+AA21 -> 11.06 | AA21: 11 | AF21: 11 | AK21: 11 | AP21: 11
B22: =B$45+C22 -> 95.1 | C22: 10.5 | H22: =H$45+I22 -> 10.56 | I22: 10.5 | O22: =O$45+P22 -> 10.56 | P22: 10.5 | T22: =T$45+U22 -> 10.56 | U22: 10.5 | V22: 186 | W22: 10.78 | Z22: =Z$45+AA22 -> 10.56 | AA22: 10.5 | AB22: 1687 | AC22: 8.477 | AF22: 10.5 | AK22: 10.5 | AP22: 10.5
B23: =B$45+C23 -> 94.6 | C23: 10 | D23: too low for rdg | H23: =H$45+I23 -> 10.06 | I23: 10 | J23: 67.61 | K23: =J23*Head!$K$12/1000 -> 0.0045840707 | M23: 30.54 | O23: =O$45+P23 -> 10.06 | P23: 10 | Q23: 1008 | R23: 7.891 | T23: =T$45+U23 -> 10.06 | U23: 10 | V23: 196.3 | W23: 10.67 | Z23: =Z$45+AA23 -> 10.06 | AA23: 10 | AB23: 1695 | AC23: 8.551 | AF23: 10 | AK23: 10 | AP23: 10
B24: =B$45+C24 -> 94.1 | C24: 9.5 | D24: 251.7 | H24: =H$45+I24 -> 9.56 | I24: 9.5 | O24: =O$45+P24 -> 9.56 | P24: 9.5 | T24: =T$45+U24 -> 9.56 | U24: 9.5 | Z24: =Z$45+AA24 -> 9.56 | AA24: 9.5 | AF24: 9.5 | AK24: 9.5 | AP24: 9.5
B25: =B$45+C25 -> 93.6 | C25: 9 | D25: 202.8 | E25: 9 | H25: =H$45+I25 -> 9.06 | I25: 9 | J25: 79.31 | K25: =J25*Head!$K$12/1000 -> 0.0053773502 | M25: 22.48 | O25: =O$45+P25 -> 9.06 | P25: 9 | T25: =T$45+U25 -> 9.06 | U25: 9 | V25: 221.6 | W25: 10.681 | Z25: =Z$45+AA25 -> 9.06 | AA25: 9 | AF25: 9 | AK25: 9 | AP25: 9
B26: =B$45+C26 -> 93.35 | C26: 8.75 | D26: 367.3 | H26: =H$45+I26 -> 8.81 | I26: 8.75 | O26: =O$45+P26 -> 0.06 | T26: =T$45+U26 -> 0.06 | Z26: =Z$45+AA26 -> 0.06
A27: =A$45+C27 -> #VALUE! | B27: =B$45+C27 -> 93.1 | C27: 8.5 | D27: 418 | E27: 17.25 | H27: =H$45+I27 -> 8.56 | I27: 8.5 | J27: 93.62 | K27: =J27*Head!$K$12/1000 -> 0.006347592 | M27: 19.6 | O27: =O$45+P27 -> 8.56 | P27: 8.5 | T27: =T$45+U27 -> 8.56 | U27: 8.5 | Z27: =Z$45+AA27 -> 8.56 | AA27: 8.5 | AF27: 8.5 | AK27: 8.5 | AP27: 8.5
B28: =B$45+C28 -> 92.85 | C28: 8.25 | D28: 434 | E28: 12.28 | H28: =H$45+I28 -> 8.31 | I28: 8.25 | O28: =O$45+P28 -> 0.06 | T28: =T$45+U28 -> 0.06 | Z28: =Z$45+AA28 -> 0.06
B29: =B$45+C29 -> 92.6 | C29: 8 | D29: 457.9 | E29: 9.257 | H29: =H$45+I29 -> 8.06 | I29: 8 | J29: 124 | K29: =J29*Head!$K$12/1000 -> 0.0084074067 | M29: 25.85 | O29: =O$45+P29 -> 8.06 | P29: 8 | Q29: 1007 | R29: 8.17 | T29: =T$45+U29 -> 8.06 | U29: 8 | V29: 329.4 | W29: 10.101 | Z29: =Z$45+AA29 -> 8.06 | AA29: 8 | AB29: 1704 | AC29: 8.592 | AF29: 8 | AK29: 8 | AP29: 8
B30: =B$45+C30 -> 92.1 | C30: 7.5 | H30: =H$45+I30 -> 7.56 | I30: 7.5 | O30: =O$45+P30 -> 7.56 | P30: 7.5 | T30: =T$45+U30 -> 7.56 | U30: 7.5 | Z30: =Z$45+AA30 -> 7.56 | AA30: 7.5 | AF30: 7.5 | AK30: 7.5 | AP30: 7.5
B31: =B$45+C31 -> 91.6 | C31: 7 | D31: 458.3 | E31: 10.09 | H31: =H$45+I31 -> 7.06 | I31: 7 | J31: 200.7 | K31: =J31*Head!$K$12/1000 -> 0.013607794 | M31: 16.11 | O31: =O$45+P31 -> 7.06 | P31: 7 | T31: =T$45+U31 -> 7.06 | U31: 7 | V31: 501.2 | W31: 9.641 | Z31: =Z$45+AA31 -> 7.06 | AA31: 7 | AF31: 7 | AK31: 7 | AP31: 7
B32: =B$45+C32 -> 91.1 | C32: 6.5 | H32: =H$45+I32 -> 6.56 | I32: 6.5 | O32: =O$45+P32 -> 6.56 | P32: 6.5 | T32: =T$45+U32 -> 6.56 | U32: 6.5 | Z32: =Z$45+AA32 -> 6.56 | AA32: 6.5 | AF32: 6.5 | AK32: 6.5 | AP32: 6.5
B33: =B$45+C33 -> 90.6 | C33: 6 | D33: 465.6 | E33: 9.584 | H33: =H$45+I33 -> 6.06 | I33: 6 | J33: 256.6 | K33: =J33*Head!$K$12/1000 -> 0.017397908 | M33: 16.75 | O33: =O$45+P33 -> 6.06 | P33: 6 | Q33: 1029 | R33: 7.905 | T33: =T$45+U33 -> 6.06 | U33: 6 | V33: 628.9 | W33: 9.146 | Z33: =Z$45+AA33 -> 6.06 | AA33: 6 | AB33: 1720 | AC33: 8.638 | AF33: 6 | AK33: 6 | AP33: 6
B34: =B$45+C34 -> 90.1 | C34: 5.5 | H34: =H$45+I34 -> 5.56 | I34: 5.5 | O34: =O$45+P34 -> 5.56 | P34: 5.5 | T34: =T$45+U34 -> 5.56 | U34: 5.5 | Z34: =Z$45+AA34 -> 5.56 | AA34: 5.5 | AF34: 5.5 | AK34: 5.5 | AP34: 5.5
B35: =B$45+C35 -> 89.6 | C35: 5 | D35: 462.1 | E35: 10.82 | H35: =H$45+I35 -> 5.06 | I35: 5 | J35: 312.7 | K35: =J35*Head!$K$12/1000 -> 0.021201581 | M35: 14.16 | O35: =O$45+P35 -> 5.06 | P35: 5 | T35: =T$45+U35 -> 5.06 | U35: 5 | Z35: =Z$45+AA35 -> 5.06 | AA35: 5 | AF35: 5 | AK35: 5 | AP35: 5
B36: =B$45+C36 -> 89.1 | C36: 4.5 | H36: =H$45+I36 -> 4.56 | I36: 4.5 | O36: =O$45+P36 -> 4.56 | P36: 4.5 | T36: =T$45+U36 -> 4.56 | U36: 4.5 | Z36: =Z$45+AA36 -> 4.56 | AA36: 4.5 | AF36: 4.5 | AK36: 4.5 | AP36: 4.5
A37: G=90, souce at top | B37: =B$45+C37 -> 88.6 | C37: 4 | D37: 453.4 | E37: 9.257 | H37: =H$45+I37 -> 4.06 | I37: 4 | J37: 362 | K37: =J37*Head!$K$12/1000 -> 0.024544203 | M37: 13.04 | O37: =O$45+P37 -> 4.06 | P37: 4 | Q37: 1039 | R37: 8.103 | T37: =T$45+U37 -> 4.06 | U37: 4 | V37: 835.6 | W37: 8.434 | Z37: =Z$45+AA37 -> 4.06 | AA37: 4 | AB37: 1730 | AC37: 8.582 | AF37: 4 | AK37: 4 | AP37: 4
A38: couch moved in LONG | B38: =B$45+C38 -> 88.1 | C38: 3.5 | H38: =H$45+I38 -> 3.56 | I38: 3.5 | O38: =O$45+P38 -> 3.56 | P38: 3.5 | T38: =T$45+U38 -> 3.56 | U38: 3.5 | Z38: =Z$45+AA38 -> 3.56 | AA38: 3.5 | AF38: 3.5 | AK38: 3.5 | AP38: 3.5
A39: detector long axis on couch long axis | B39: =B$45+C39 -> 87.6 | C39: 3 | D39: 466 | E39: 9.564 | H39: =H$45+I39 -> 3.06 | I39: 3 | J39: 399.2 | K39: =J39*Head!$K$12/1000 -> 0.027066425 | M39: 11.71 | O39: =O$45+P39 -> 3.06 | P39: 3 | T39: =T$45+U39 -> 3.06 | U39: 3 | Z39: =Z$45+AA39 -> 3.06 | AA39: 3 | AF39: 3 | AK39: 3 | AP39: 3
B40: =B$45+C40 -> 87.1 | C40: 2.5 | H40: =H$45+I40 -> 2.56 | I40: 2.5 | O40: =O$45+P40 -> 2.56 | P40: 2.5 | T40: =T$45+U40 -> 2.56 | U40: 2.5 | Z40: =Z$45+AA40 -> 2.56 | AA40: 2.5 | AF40: 2.5 | AK40: 2.5 | AP40: 2.5
B41: =B$45+C41 -> 86.6 | C41: 2 | D41: 470 | E41: 8.52 | H41: =H$45+I41 -> 2.06 | I41: 2 | J41: 430 | K41: =J41*Head!$K$12/1000 -> 0.029154717 | M41: 11.61 | O41: =O$45+P41 -> 2.06 | P41: 2 | Q41: 1024 | R41: 8.044 | T41: =T$45+U41 -> 2.06 | U41: 2 | V41: 961.8 | W41: 8.049 | Z41: =Z$45+AA41 -> 2.06 | AA41: 2 | AB41: 1727 | AC41: 8.627 | AF41: 2 | AK41: 2 | AP41: 2
B42: =B$45+C42 -> 86.1 | C42: 1.5 | H42: =H$45+I42 -> 1.56 | I42: 1.5 | O42: =O$45+P42 -> 1.56 | P42: 1.5 | T42: =T$45+U42 -> 1.56 | U42: 1.5 | Z42: =Z$45+AA42 -> 1.56 | AA42: 1.5 | AF42: 1.5 | AK42: 1.5 | AP42: 1.5
A43: Couch | B43: =B$45+C43 -> 85.6 | C43: 1 | D43: 471.1 | E43: 8.474 | G43: Couch | H43: =H$45+I43 -> 1.06 | I43: 1 | J43: 443.3 | K43: =J43*Head!$K$12/1000 -> 0.030056479 | M43: 10.77 | O43: =O$45+P43 -> 1.06 | P43: 1 | T43: =T$45+U43 -> 1.06 | U43: 1 | Z43: =Z$45+AA43 -> 1.06 | AA43: 1 | AE43: Couch | AF43: 1 | AJ43: Couch | AK43: 1 | AO43: Couch | AP43: 1
A44: coordinates | B44: =B$45+C44 -> 85.1 | C44: 0.5 | G44: coordinates | H44: =H$45+I44 -> 0.56 | I44: 0.5 | O44: =O$45+P44 -> 0.56 | P44: 0.5 | T44: =T$45+U44 -> 0.56 | U44: 0.5 | Z44: =Z$45+AA44 -> 0.56 | AA44: 0.5 | AE44: coordinates | AF44: 0.5 | AJ44: coordinates | AK44: 0.5 | AO44: coordinates | AP44: 0.5
A45: LONG | B45: 84.6 | C45: 0 | D45: 469 | E45: 8.034 | G45: LAT | H45: 0.06 | I45: 0 | J45: 447.2 | K45: =J45*Head!$K$12/1000 -> 0.030320905 | M45: 11.57 | O45: 0.06 | P45: 0 | Q45: 1018 | R45: 8.06 | T45: 0.06 | U45: 0 | V45: 1002 | W45: 8.045 | Z45: 0.06 | AA45: 0 | AB45: 1706 | AC45: 8.539 | AE45: 0 | AF45: 0 | AJ45: 0 | AK45: 0 | AO45: 0 | AP45: 0
B46: =B45-0.5 -> 84.1 | C46: -0.5 | H46: =1000+I46+H$45 -> 999.56 | I46: -0.5 | O46: =1000+P46+O$45 -> 999.56 | P46: -0.5 | T46: =1000+U46+T$45 -> 999.56 | U46: -0.5 | Z46: =1000+AA46+Z$45 -> 999.56 | AA46: -0.5 | AE46: 999.5 | AF46: -0.5 | AJ46: 999.5 | AK46: -0.5 | AO46: 999.5 | AP46: -0.5
B47: =B46-0.5 -> 83.6 | C47: -1 | H47: =1000+I47+H$45 -> 999.06 | I47: -1 | J47: 434.4 | K47: =J47*Head!$K$12/1000 -> 0.029453044 | M47: 11.18 | O47: =1000+P47+O$45 -> 999.06 | P47: -1 | T47: =1000+U47+T$45 -> 999.06 | U47: -1 | Z47: =1000+AA47+Z$45 -> 999.06 | AA47: -1 | AE47: 999 | AF47: -1 | AJ47: 999 | AK47: -1 | AO47: 999 | AP47: -1
B48: =B47-0.5 -> 83.1 | C48: -1.5 | H48: =1000+I48+H$45 -> 998.56 | I48: -1.5 | O48: =1000+P48+O$45 -> 998.56 | P48: -1.5 | T48: =1000+U48+T$45 -> 998.56 | U48: -1.5 | Z48: =1000+AA48+Z$45 -> 998.56 | AA48: -1.5 | AE48: 998.5 | AF48: -1.5 | AJ48: 998.5 | AK48: -1.5 | AO48: 998.5 | AP48: -1.5
B49: =B48-0.5 -> 82.6 | C49: -2 | D49: 445.6 | E49: 10.37 | H49: =1000+I49+H$45 -> 998.06 | I49: -2 | O49: =1000+P49+O$45 -> 998.06 | P49: -2 | Q49: 971.5 | R49: 8.146 | T49: =1000+U49+T$45 -> 998.06 | U49: -2 | V49: 935.1 | W49: 8.34 | Z49: =1000+AA49+Z$45 -> 998.06 | AA49: -2 | AB49: 1639 | AC49: 8.645 | AE49: 998 | AF49: -2 | AJ49: 998 | AK49: -2 | AO49: 998 | AP49: -2
B50: =B49-0.5 -> 82.1 | C50: -2.5 | H50: =1000+I50+H$45 -> 997.56 | I50: -2.5 | O50: =1000+P50+O$45 -> 997.56 | P50: -2.5 | T50: =1000+U50+T$45 -> 997.56 | U50: -2.5 | Z50: =1000+AA50+Z$45 -> 997.56 | AA50: -2.5 | AE50: 997.5 | AF50: -2.5 | AJ50: 997.5 | AK50: -2.5 | AO50: 997.5 | AP50: -2.5
B51: =B50-0.5 -> 81.6 | C51: -3 | H51: =1000+I51+H$45 -> 997.06 | I51: -3 | J51: 379 | K51: =J51*Head!$K$12/1000 -> 0.025696832 | M51: 11.85 | O51: =1000+P51+O$45 -> 997.06 | P51: -3 | T51: =1000+U51+T$45 -> 997.06 | U51: -3 | Z51: =1000+AA51+Z$45 -> 997.06 | AA51: -3 | AE51: 997 | AF51: -3 | AJ51: 997 | AK51: -3 | AO51: 997 | AP51: -3
B52: =B51-0.5 -> 81.1 | C52: -3.5 | H52: =1000+I52+H$45 -> 996.56 | I52: -3.5 | O52: =1000+P52+O$45 -> 996.56 | P52: -3.5 | T52: =1000+U52+T$45 -> 996.56 | U52: -3.5 | Z52: =1000+AA52+Z$45 -> 996.56 | AA52: -3.5 | AE52: 996.5 | AF52: -3.5 | AJ52: 996.5 | AK52: -3.5 | AO52: 996.5 | AP52: -3.5
B53: =B52-0.5 -> 80.6 | C53: -4 | D53: 438.8 | E53: 10.05 | H53: =1000+I53+H$45 -> 996.06 | I53: -4 | O53: =1000+P53+O$45 -> 996.06 | P53: -4 | Q53: 878.6 | R53: 8.353 | T53: =1000+U53+T$45 -> 996.06 | U53: -4 | V53: 771.7 | W53: 8.639 | Z53: =1000+AA53+Z$45 -> 996.06 | AA53: -4 | AB53: 1471 | AC53: 8.993 | AE53: 996 | AF53: -4 | AJ53: 996 | AK53: -4 | AO53: 996 | AP53: -4
B54: =B53-0.5 -> 80.1 | C54: -4.5 | H54: =1000+I54+H$45 -> 995.56 | I54: -4.5 | O54: =1000+P54+O$45 -> 995.56 | P54: -4.5 | T54: =1000+U54+T$45 -> 995.56 | U54: -4.5 | Z54: =1000+AA54+Z$45 -> 995.56 | AA54: -4.5 | AE54: 995.5 | AF54: -4.5 | AJ54: 995.5 | AK54: -4.5 | AO54: 995.5 | AP54: -4.5
B55: =B54-0.5 -> 79.6 | C55: -5 | H55: =1000+I55+H$45 -> 995.06 | I55: -5 | J55: 273 | K55: =J55*Head!$K$12/1000 -> 0.018509855 | M55: 18.64 | O55: =1000+P55+O$45 -> 995.06 | P55: -5 | T55: =1000+U55+T$45 -> 995.06 | U55: -5 | Z55: =1000+AA55+Z$45 -> 995.06 | AA55: -5 | AE55: 995 | AF55: -5 | AJ55: 995 | AK55: -5 | AO55: 995 | AP55: -5
B56: =B55-0.5 -> 79.1 | C56: -5.5 | H56: =1000+I56+H$45 -> 994.56 | I56: -5.5 | O56: =1000+P56+O$45 -> 994.56 | P56: -5.5 | T56: =1000+U56+T$45 -> 994.56 | U56: -5.5 | Z56: =1000+AA56+Z$45 -> 994.56 | AA56: -5.5 | AE56: 994.5 | AF56: -5.5 | AJ56: 994.5 | AK56: -5.5 | AO56: 994.5 | AP56: -5.5
B57: =B56-0.5 -> 78.6 | C57: -6 | D57: 430.4 | E57: 10.13 | H57: =1000+I57+H$45 -> 994.06 | I57: -6 | O57: =1000+P57+O$45 -> 994.06 | P57: -6 | Q57: 739.7 | R57: 8.809 | T57: =1000+U57+T$45 -> 994.06 | U57: -6 | V57: 543.1 | W57: 9.607 | Z57: =1000+AA57+Z$45 -> 994.06 | AA57: -6 | AB57: 1249 | AC57: 9.431 | AE57: 994 | AF57: -6 | AJ57: 994 | AK57: -6 | AO57: 994 | AP57: -6
B58: =B57-0.5 -> 78.1 | C58: -6.5 | H58: =1000+I58+H$45 -> 993.56 | I58: -6.5 | O58: =1000+P58+O$45 -> 993.56 | P58: -6.5 | T58: =1000+U58+T$45 -> 993.56 | U58: -6.5 | Z58: =1000+AA58+Z$45 -> 993.56 | AA58: -6.5 | AE58: 993.5 | AF58: -6.5 | AJ58: 993.5 | AK58: -6.5 | AO58: 993.5 | AP58: -6.5
B59: =B58-0.5 -> 77.6 | C59: -7 | H59: =1000+I59+H$45 -> 993.06 | I59: -7 | J59: 153.1 | K59: =J59*Head!$K$12/1000 -> 0.010380435 | M59: 19.55 | O59: =1000+P59+O$45 -> 993.06 | P59: -7 | T59: =1000+U59+T$45 -> 993.06 | U59: -7 | V59: 389.9 | W59: 10.094 | Z59: =1000+AA59+Z$45 -> 993.06 | AA59: -7 | AE59: 993 | AF59: -7 | AJ59: 993 | AK59: -7 | AO59: 993 | AP59: -7
B60: =B59-0.5 -> 77.1 | C60: -7.5 | H60: =1000+I60+H$45 -> 992.56 | I60: -7.5 | O60: =1000+P60+O$45 -> 992.56 | P60: -7.5 | T60: =1000+U60+T$45 -> 992.56 | U60: -7.5 | Z60: =1000+AA60+Z$45 -> 992.56 | AA60: -7.5 | AE60: 992.5 | AF60: -7.5 | AJ60: 992.5 | AK60: -7.5 | AO60: 992.5 | AP60: -7.5
B61: =B60-0.5 -> 76.6 | C61: -8 | D61: 422.1 | E61: 10.13 | H61: =1000+I61+H$45 -> 992.06 | I61: -8 | J61: 86.19 | K61: =J61*Head!$K$12/1000 -> 0.0058438256 | M61: 19.49 | O61: =1000+P61+O$45 -> 992.06 | P61: -8 | Q61: 557.6 | R61: 9.204 | T61: =1000+U61+T$45 -> 992.06 | U61: -8 | V61: 235.2 | W61: 10.756 | Z61: =1000+AA61+Z$45 -> 992.06 | AA61: -8 | AB61: 963.7 | AC61: 9.893 | AE61: 992 | AF61: -8 | AJ61: 992 | AK61: -8 | AO61: 992 | AP61: -8
B62: =B61-0.5 -> 76.1 | C62: -8.5 | D62: 421 | E62: 10.35 | H62: =1000+I62+H$45 -> 991.56 | I62: -8.5 | O62: =1000+P62+O$45 -> 991.56 | P62: -8.5 | T62: =1000+U62+T$45 -> 991.56 | U62: -8.5 | Z62: =1000+AA62+Z$45 -> 991.56 | AA62: -8.5 | AE62: 991.5 | AF62: -8.5 | AJ62: 991.5 | AK62: -8.5 | AO62: 991.5 | AP62: -8.5
B63: =B62-0.5 -> 75.6 | C63: -9 | D63: 418 | E63: 10.21 | H63: =1000+I63+H$45 -> 991.06 | I63: -9 | J63: 70.22 | K63: =J63*Head!$K$12/1000 -> 0.004761033 | M63: 23.17 | O63: =1000+P63+O$45 -> 991.06 | P63: -9 | T63: =1000+U63+T$45 -> 991.06 | U63: -9 | V63: 197.3 | W63: 10.867 | X63: 25.56 | Z63: =1000+AA63+Z$45 -> 991.06 | AA63: -9 | AB63: 802.1 | AC63: 10.373 | AE63: 991 | AF63: -9 | AJ63: 991 | AK63: -9 | AO63: 991 | AP63: -9
B64: =B63-0.5 -> 75.1 | C64: -9.5 | H64: =1000+I64+H$45 -> 990.56 | I64: -9.5 | O64: =1000+P64+O$45 -> 990.56 | P64: -9.5 | T64: =1000+U64+T$45 -> 990.56 | U64: -9.5 | Z64: =1000+AA64+Z$45 -> 990.56 | AA64: -9.5 | AE64: 990.5 | AF64: -9.5 | AJ64: 990.5 | AK64: -9.5 | AO64: 990.5 | AP64: -9.5
B65: =B64-0.5 -> 74.6 | C65: -10 | D65: 424.8 | H65: =1000+I65+H$45 -> 990.06 | I65: -10 | J65: 64.1 | K65: =J65*Head!$K$12/1000 -> 0.0043460868 | M65: 24.14 | O65: =1000+P65+O$45 -> 990.06 | P65: -10 | Q65: 340.6 | R65: 9.958 | T65: =1000+U65+T$45 -> 990.06 | U65: -10 | V65: 183.6 | W65: 11.16 | Z65: =1000+AA65+Z$45 -> 990.06 | AA65: -10 | AB65: 605.5 | AC65: 10.759 | AE65: 990 | AF65: -10 | AJ65: 990 | AK65: -10 | AO65: 990 | AP65: -10
B66: =B65-0.5 -> 74.1 | C66: -10.5 | H66: =1000+I66+H$45 -> 989.56 | I66: -10.5 | O66: =1000+P66+O$45 -> 989.56 | P66: -10.5 | T66: =1000+U66+T$45 -> 989.56 | U66: -10.5 | Z66: =1000+AA66+Z$45 -> 989.56 | AA66: -10.5 | AE66: 989.5 | AF66: -10.5 | AJ66: 989.5 | AK66: -10.5 | AO66: 989.5 | AP66: -10.5
B67: =B66-0.5 -> 73.6 | C67: -11 | H67: =1000+I67+H$45 -> 989.06 | I67: -11 | J67: 60.83 | K67: =J67*Head!$K$12/1000 -> 0.0041243754 | M67: 25.42 | O67: =1000+P67+O$45 -> 989.06 | P67: -11 | T67: =1000+U67+T$45 -> 989.06 | U67: -11 | V67: 172.8 | W67: 10.629 | Z67: =1000+AA67+Z$45 -> 989.06 | AA67: -11 | AB67: 420.5 | AC67: 11.279 | AE67: 989 | AF67: -11 | AJ67: 989 | AK67: -11 | AO67: 989 | AP67: -11
B68: =B67-0.5 -> 73.1 | C68: -11.5 | H68: =1000+I68+H$45 -> 988.56 | I68: -11.5 | O68: =1000+P68+O$45 -> 988.56 | P68: -11.5 | T68: =1000+U68+T$45 -> 988.56 | U68: -11.5 | Z68: =1000+AA68+Z$45 -> 988.56 | AA68: -11.5 | AE68: 988.5 | AF68: -11.5 | AJ68: 988.5 | AK68: -11.5 | AO68: 988.5 | AP68: -11.5
B69: =B68-0.5 -> 72.6 | C69: -12 | H69: =1000+I69+H$45 -> 988.06 | I69: -12 | J69: 58.72 | K69: =J69*Head!$K$12/1000 -> 0.0039813139 | M69: 26.5 | O69: =1000+P69+O$45 -> 988.06 | P69: -12 | Q69: 195.8 | R69: 10.571 | T69: =1000+U69+T$45 -> 988.06 | U69: -12 | V69: 163.1 | W69: 11.227 | X69: 31.46 | Z69: =1000+AA69+Z$45 -> 988.06 | AA69: -12 | AB69: 352.9 | AC69: 11.333 | AE69: 988 | AF69: -12 | AJ69: 988 | AK69: -12 | AO69: 988 | AP69: -12
B70: =B69-0.5 -> 72.1 | C70: -12.5 | H70: =1000+I70+H$45 -> 987.56 | I70: -12.5 | O70: =1000+P70+O$45 -> 987.56 | P70: -12.5 | T70: =1000+U70+T$45 -> 987.56 | U70: -12.5 | Z70: =1000+AA70+Z$45 -> 987.56 | AA70: -12.5 | AE70: 987.5 | AF70: -12.5 | AJ70: 987.5 | AK70: -12.5 | AO70: 987.5 | AP70: -12.5
B71: =B70-0.5 -> 71.6 | C71: -13 | H71: =1000+I71+H$45 -> 987.06 | I71: -13 | J71: 54.67 | K71: =J71*Head!$K$12/1000 -> 0.0037067171 | M71: 21.51 | O71: =1000+P71+O$45 -> 987.06 | P71: -13 | Q71: 169.9 | R71: 10.06 | T71: =1000+U71+T$45 -> 987.06 | U71: -13 | V71: 154.7 | W71: 10.95 | Z71: =1000+AA71+Z$45 -> 987.06 | AA71: -13 | AB71: 300.6 | AC71: 11.344 | AE71: 987 | AF71: -13 | AJ71: 987 | AK71: -13 | AO71: 987 | AP71: -13
B72: =B71-0.5 -> 71.1 | C72: -13.5 | H72: =1000+I72+H$45 -> 986.56 | I72: -13.5 | O72: =1000+P72+O$45 -> 986.56 | P72: -13.5 | T72: =1000+U72+T$45 -> 986.56 | U72: -13.5 | Z72: =1000+AA72+Z$45 -> 986.56 | AA72: -13.5 | AE72: 986.5 | AF72: -13.5 | AJ72: 986.5 | AK72: -13.5 | AO72: 986.5 | AP72: -13.5
B73: =B72-0.5 -> 70.6 | C73: -14 | H73: =1000+I73+H$45 -> 986.06 | I73: -14 | J73: 13.51 | K73: =J73*Head!$K$12/1000 -> 0.00091600052 | M73: 14.92 | O73: =1000+P73+O$45 -> 986.06 | P73: -14 | Q73: 42.3 | R73: 8.589 | T73: =1000+U73+T$45 -> 986.06 | U73: -14 | V73: 89.36 | W73: 10.807 | Z73: =1000+AA73+Z$45 -> 986.06 | AA73: -14 | AB73: 72.78 | AC73: 9.751 | AE73: 986 | AF73: -14 | AJ73: 986 | AK73: -14 | AO73: 986 | AP73: -14
B74: =B73-0.5 -> 70.1 | C74: -14.5 | H74: =1000+I74+H$45 -> 985.56 | I74: -14.5 | O74: =1000+P74+O$45 -> 985.56 | P74: -14.5 | T74: =1000+U74+T$45 -> 985.56 | U74: -14.5 | Z74: =1000+AA74+Z$45 -> 985.56 | AA74: -14.5 | AE74: 985.5 | AF74: -14.5 | AJ74: 985.5 | AK74: -14.5 | AO74: 985.5 | AP74: -14.5
B75: =B74-0.5 -> 69.6 | C75: -15 | D75: INF | H75: =1000+I75+H$45 -> 985.06 | I75: -15 | J75: 6.345 | K75: =J75*Head!$K$12/1000 -> 0.00043020157 | M75: 8.776 | O75: =1000+P75+O$45 -> 985.06 | P75: -15 | Q75: 22.68 | R75: 8.026 | T75: =1000+U75+T$45 -> 985.06 | U75: -15 | V75: 18.62 | W75: 8.703 | X75: 19.18 | Z75: =1000+AA75+Z$45 -> 985.06 | AA75: -15 | AB75: 39.53 | AC75: 8.628 | AE75: 985 | AF75: -15 | AJ75: 985 | AK75: -15 | AO75: 985 | AP75: -15
J76: A WALL | Q76: A WALL | V76: A WALL
F77: NOTE ms=30 for these measurements as device didn't work for ms=15 | P77: NOTE: used 20mA instead of 60 to keep readings in range
U78: NOTE: used 20mA instead of 10 as service mode wouldn't let us do planar that low
B80: Check consistency of acquisitions (each measuremetn fro ma individal DynamicGain shot. In XI tab. Set appropriate Filter Shape (HalfFan/FullFan) in Position Units tab -->KVs coll-->clinical axes
B81: mGy | C81: 19.7 | D81: 19.51 | E81: 19.69 | O81: =AVERAGE(C81:E81) -> 19.633333 | P81: =STDEV(C81:E81) -> 0.10692677 | Q81: =P81/O81 -> 0.005446185
B82: mGy/s | C82: 550.5 | D82: 546.9 | E82: 552 | O82: =AVERAGE(C82:E82) -> 549.8 | P82: =STDEV(C82:E82) -> 2.6210685 | Q82: =P82/O82 -> 0.0047673126
B83: filtration | C83: 7.328 | D83: 7.697 | E83: 7.452 | O83: =AVERAGE(C83:E83) -> 7.4923333 | P83: =STDEV(C83:E83) -> 0.18777735 | Q83: =P83/O83 -> 0.0250626
A90: TP analysis below here
C98: HEAD | G98: Symmetrical data
W99: PELVIS | AJ99: Breast 360 based on measurements, Brst360 is half fan, therefore this data is incorrect, keep going to the right | BK99: Head and Neck (Pelvis scaled for mAs) also Breast 360 | CC99: Thorax (Pelvis scaled for mAs)
C100: X-PLANE couch (cm) | D100: Dose rate uGy/s | E100: Air kerma per projection mGy/frame | F100: Total Filt mmAl | G100: X-PLANE couch (cm) | H100: Dose rate uGy/s | I100: Grouped Dose Rate uGy/s | J100: Grouped by 3 Dose Rate uGy/s | K100: Air kerma per projection mGy/frame | L100: Grouped Air kerma per projection mGy/frame | M100: Grouped by 3 Air kerma per projection mGy/frame | N100: Total Filt mmAl | O100: Group total Filt mmAl | P100: Group by 3 total Filt mmAl | W100: X-PLANE couch (cm) | X100: Dose rate uGy/s | Y100: Grouped by 5 dose rate | Z100: Grouped by 3 dose rate | AA100: mGy/frame | AB100: grouped by 5 mGy/frame | AC100: grouped by 3 mGy/frame | AD100: Total Filt mmAl | AE100: grouped by 5 total filt mmAl | AF100: grouped by 3 total filt mmAl | AJ100: X-PLANE couch (cm) | AK100: Dose rate uGy/s | AL100: Symmetric dose rate uGy/s | AM100: Grouped by 5 dose rate | AN100: Grouped by 3 dose rate | AO100: mGy/frame | AP100: grouped by 5 mGy/frame | AQ100: grouped by 3 mGy/frame | AR100: Total Filt mmAl | AS100: Symmetric Filter | AT100: grouped by 5 total filt mmAl | AU100: grouped by 3 total filt mmAl | BK100: X-PLANE couch (cm) | BL100: Dose rate uGy/s | BM100: Grouped by 5 dose rate | BN100: Grouped by 3 dose rate | BO100: mGy/frame | BP100: grouped by 5 mGy/frame | BQ100: grouped by 3 mGy/frame | BR100: Total Filt mmAl | BS100: grouped by 5 total filt mmAl | BT100: grouped by 3 total filt mmAl | CC100: X-PLANE couch (cm) | CD100: Dose rate uGy/s | CE100: Grouped by 5 dose rate | CF100: Grouped by 3 dose rate | CG100: Grouped by 4 dose rate | CH100: mGy/frame | CI100: grouped by 5 mGy/frame | CJ100: grouped by 3 mGy/frame | CK100: Total Filt mmAl | CL100: grouped by 5 total filt mmAl | CM100: grouped by 3 total filt mmAl
C101: 10 | D101: 67.61 | E101: =K23 -> 0.0045840707 | F101: =M23 -> 30.54 | G101: 15 | H101: =D123 -> 6.345 | I101: =AVERAGE(H101:H103) -> 24.841667 | J101: =AVERAGE(H100:H102) -> 9.9275 | K101: =E123 -> 0.00043020157 | L101: =AVERAGE(K101:K103) -> 0.0016843064 | M101: =AVERAGE(K100:K102) -> 0.00067310104 | N101: =F123 -> 8.776 | O101: =AVERAGE(N101:N103) -> 15.068667 | P101: =AVERAGE(N100:N102) -> 11.848 | W101: 25 | X101: 1008 | Y101: =AVERAGE(X101:X103) -> 1008 | AA101: =X101*Pelvis!$I$11/1000 -> 0.068304715 | AB101: =AVERAGE(AA89:AA103) -> 0.068304715 | AD101: 7.891 | AE101: =AVERAGE(AD89:AD103) -> 7.891 | AJ101: 15 | AL101: =AK131 -> 18.62 | AM101: =AVERAGE(AL101:AL103) -> 87.56 | AN101: =AVERAGE(AL100:AL102) -> 53.99 | AO101: =AL101*Breast!$B$22/1000 -> 0.00266 | AP101: =AVERAGE(AO99:AO103) -> 0.012508571 | AQ101: =AVERAGE(AO100:AO102) -> 0.0077128571 | AS101: =AR131 -> 8.703 | AT101: =AVERAGE(AS99:AS103) -> 10.153333 | AU101: =AVERAGE(AS100:AS102) -> 9.755 | BK101: 25 | BL101: =1008*$BD$114 -> 84 | BM101: =AVERAGE(BL101:BL103) -> 84 | BO101: =BL101*Head!$K$12/1000 -> 0.00569534 | BP101: =AVERAGE(BO101:BO103) -> 0.00569534 | BR101: 7.891 | BS101: =AVERAGE(BR101:BR103) -> 7.891 | CC101: 25 | CD101: =1008*$BD$121 -> 252 | CE101: =AVERAGE(CD101:CD103) -> 252 | CH101: =CD101*Thorax!$K$12/1000 -> 0.017066464 | CI101: =AVERAGE(CH101:CH103) -> 0.017066464 | CK101: 7.891 | CL101: =AVERAGE(CK101:CK103) -> 7.891
C102: 9 | D102: 79.31 | E102: =K25 -> 0.0053773502 | F102: =M25 -> 22.48 | G102: 14 | H102: =D122 -> 13.51 | K102: =E122 -> 0.00091600052 | N102: =F122 -> 14.92 | W102: 24 | X102: 1008 | Z102: =AVERAGE(X101:X103) -> 1008 | AA102: =X102*Pelvis!$I$11/1000 -> 0.068304715 | AC102: =AVERAGE(AA101:AA103) -> 0.068304715 | AD102: 7.891 | AF102: =AVERAGE(AD91:AD103) -> 7.891 | AJ102: 14 | AL102: =AK130 -> 89.36 | AO102: =AL102*Breast!$B$22/1000 -> 0.012765714 | AS102: =AR130 -> 10.807 | BC102: AS WITH EVERY GOOG PROJECT, TIME FOR SCALING! | BK102: 24 | BL102: =1008*$BD$114 -> 84 | BN102: =AVERAGE(BL91:BL103) -> 84 | BO102: =BL102*Head!$K$12/1000 -> 0.00569534 | BQ102: =AVERAGE(BO101:BO103) -> 0.00569534 | BR102: 7.891 | BT102: =AVERAGE(BR101:BR103) -> 7.891 | CC102: 24 | CD102: =1008*$BD$121 -> 252 | CF102: =AVERAGE(CD91:CD103) -> 252 | CH102: =CD102*Thorax!$K$12/1000 -> 0.017066464 | CJ102: =AVERAGE(CH101:CH103) -> 0.017066464 | CK102: 7.891 | CM102: =AVERAGE(CK101:CK103) -> 7.891
C103: 8 | D103: 124 | E103: =K29 -> 0.0084074067 | F103: =M29 -> 25.85 | G103: 13 | H103: =D121 -> 54.67 | K103: =E121 -> 0.0037067171 | N103: =F121 -> 21.51 | W103: 23 | X103: 1008 | AA103: =X103*Pelvis!$I$11/1000 -> 0.068304715 | AD103: 7.891 | AJ103: 13 | AL103: =AK129 -> 154.7 | AO103: =AL103*Breast!$B$22/1000 -> 0.0221 | AS103: =AR129 -> 10.95 | BK103: 23 | BL103: =1008*$BD$114 -> 84 | BO103: =BL103*Head!$K$12/1000 -> 0.00569534 | BR103: 7.891 | CC103: 23 | CD103: =1008*$BD$121 -> 252 | CH103: =CD103*Thorax!$K$12/1000 -> 0.017066464 | CK103: 7.891
C104: 7 | D104: 200.7 | E104: =K31 -> 0.013607794 | F104: =M31 -> 16.11 | G104: 12 | H104: =D120 -> 58.72 | J104: =AVERAGE(H103:H105) -> 58.073333 | K104: =E120 -> 0.0039813139 | M104: =AVERAGE(K103:K105) -> 0.0039374688 | N104: =F120 -> 26.5 | P104: =AVERAGE(N103:N105) -> 24.476667 | W104: 22 | X104: 1008 | AA104: =X104*Pelvis!$I$11/1000 -> 0.068304715 | AD104: 7.891 | AJ104: 12 | AL104: =AK128 -> 163.1 | AN104: =AVERAGE(AL103:AL105) -> 163.53333 | AO104: =AL104*Breast!$B$22/1000 -> 0.0233 | AQ104: =AVERAGE(AO103:AO105) -> 0.023361905 | AS104: =AR128 -> 11.227 | AU104: =AVERAGE(AS103:AS105) -> 10.935333 | BC104: Pelvis | BK104: 22 | BL104: =1008*$BD$114 -> 84 | BO104: =BL104*Head!$K$12/1000 -> 0.00569534 | BR104: 7.891 | CC104: 22 | CD104: =1008*$BD$121 -> 252 | CH104: =CD104*Thorax!$K$12/1000 -> 0.017066464 | CK104: 7.891
C105: 6 | D105: 256.6 | E105: =K33 -> 0.017397908 | F105: =M33 -> 16.75 | G105: 11 | H105: =D119 -> 60.83 | K105: =E119 -> 0.0041243754 | N105: =F119 -> 25.42 | W105: 21 | X105: 1008 | Z105: =AVERAGE(X104:X106) -> 1008 | AA105: =X105*Pelvis!$I$11/1000 -> 0.068304715 | AC105: =AVERAGE(AA104:AA106) -> 0.068304715 | AD105: 7.891 | AF105: =AVERAGE(AD94:AD106) -> 7.891 | AJ105: 11 | AL105: =AK127 -> 172.8 | AO105: =AL105*Breast!$B$22/1000 -> 0.024685714 | AS105: =AR127 -> 10.629 | BC105: mA | BD105: 60 | BK105: 21 | BL105: =1008*$BD$114 -> 84 | BN105: =AVERAGE(BL94:BL106) -> 84 | BO105: =BL105*Head!$K$12/1000 -> 0.00569534 | BQ105: =AVERAGE(BO104:BO106) -> 0.00569534 | BR105: 7.891 | BT105: =AVERAGE(BR104:BR106) -> 7.891 | CC105: 21 | CD105: =1008*$BD$121 -> 252 | CF105: =AVERAGE(CD94:CD106) -> 252 | CH105: =CD105*Thorax!$K$12/1000 -> 0.017066464 | CJ105: =AVERAGE(CH104:CH106) -> 0.017066464 | CK105: 7.891 | CM105: =AVERAGE(CK104:CK106) -> 7.891
C106: 5 | D106: 312.7 | E106: =K35 -> 0.021201581 | F106: =M35 -> 14.16 | G106: 10 | H106: =MAX(D118,D101) -> 67.61 | I106: =AVERAGE(H104:H108) -> 78.094 | K106: =MAX(E101,E118) -> 0.0045840707 | L106: =AVERAGE(K104:K108) -> 0.0052949033 | N106: =MAX(F101,F118) -> 30.54 | O106: =AVERAGE(N104:N108) -> 26.296 | W106: 20 | X106: 1008 | Y106: =AVERAGE(X106:X108) -> 1008 | AA106: =X106*Pelvis!$I$11/1000 -> 0.068304715 | AB106: =AVERAGE(AA94:AA108) -> 0.068304715 | AD106: 7.891 | AE106: =AVERAGE(AD94:AD108) -> 7.891 | AJ106: 10 | AK106: 196.3 | AL106: =MAX(AK106,AK126) -> 196.3 | AM106: =AVERAGE(AL104:AL108) -> 216.64 | AO106: =AL106*Breast!$B$22/1000 -> 0.028042857 | AP106: =AVERAGE(AO104:AO108) -> 0.030948571 | AR106: 10.67 | AS106: =MAX(AR106,AR126) -> 11.16 | AT106: =AVERAGE(AS104:AS108) -> 10.9278 | BC106: ms | BD106: 20 | BK106: 20 | BL106: =1008*$BD$114 -> 84 | BM106: =AVERAGE(BL104:BL108) -> 84 | BO106: =BL106*Head!$K$12/1000 -> 0.00569534 | BP106: =AVERAGE(BO104:BO108) -> 0.00569534 | BR106: 7.891 | BS106: =AVERAGE(BR104:BR108) -> 7.891 | CC106: 20 | CD106: =1008*$BD$121 -> 252 | CE106: =AVERAGE(CD104:CD108) -> 252 | CH106: =CD106*Thorax!$K$12/1000 -> 0.017066464 | CI106: =AVERAGE(CH104:CH108) -> 0.017066464 | CK106: 7.891 | CL106: =AVERAGE(CK104:CK108) -> 7.891
C107: 4 | D107: 362 | E107: =K37 -> 0.024544203 | F107: =M37 -> 13.04 | G107: 9 | H107: =MAX(D117,D102) -> 79.31 | J107: =AVERAGE(H106:H108) -> 90.306667 | K107: =MAX(E102,E117) -> 0.0053773502 | M107: =AVERAGE(K106:K108) -> 0.0061229425 | N107: =MAX(F102,F117) -> 23.17 | P107: =AVERAGE(N106:N108) -> 26.52 | W107: 19 | X107: 1008 | AA107: =X107*Pelvis!$I$11/1000 -> 0.068304715 | AD107: 7.891 | AJ107: 9 | AK107: 221.6 | AL107: =MAX(AK107,AK125) -> 221.6 | AN107: =AVERAGE(AL106:AL108) -> 249.1 | AO107: =AL107*Breast!$B$22/1000 -> 0.031657143 | AQ107: =AVERAGE(AO106:AO108) -> 0.035585714 | AR107: 10.681 | AS107: =MAX(AR107,AR125) -> 10.867 | AU107: =AVERAGE(AS106:AS108) -> 10.927667 | BC107: mAs | BD107: =BD105*BD106*10^-3 -> 1.2 | BK107: 19 | BL107: =1008*$BD$114 -> 84 | BO107: =BL107*Head!$K$12/1000 -> 0.00569534 | BR107: 7.891 | CC107: 19 | CD107: =1008*$BD$121 -> 252 | CH107: =CD107*Thorax!$K$12/1000 -> 0.017066464 | CK107: 7.891
C108: 3 | D108: 399.2 | E108: =K39 -> 0.027066425 | F108: =M39 -> 11.71 | G108: 8 | H108: =MAX(D116,D103) -> 124 | K108: =MAX(E103,E116) -> 0.0084074067 | N108: =MAX(F103,F116) -> 25.85 | W108: 18 | X108: 1008 | Z108: =AVERAGE(X107:X109) -> 1008 | AA108: =X108*Pelvis!$I$11/1000 -> 0.068304715 | AC108: =AVERAGE(AA107:AA109) -> 0.068304715 | AD108: 7.891 | AF108: =AVERAGE(AD97:AD109) -> 7.891 | AJ108: 8 | AK108: 329.4 | AL108: =MAX(AK108,AK124) -> 329.4 | AO108: =AL108*Breast!$B$22/1000 -> 0.047057143 | AR108: 10.101 | AS108: =MAX(AR108,AR124) -> 10.756 | BK108: 18 | BL108: =1008*$BD$114 -> 84 | BN108: =AVERAGE(BL97:BL109) -> 84 | BO108: =BL108*Head!$K$12/1000 -> 0.00569534 | BQ108: =AVERAGE(BO107:BO109) -> 0.00569534 | BR108: 7.891 | BT108: =AVERAGE(BR107:BR109) -> 7.891 | CC108: 18 | CD108: =1008*$BD$121 -> 252 | CF108: =AVERAGE(CD97:CD109) -> 252 | CH108: =CD108*Thorax!$K$12/1000 -> 0.017066464 | CJ108: =AVERAGE(CH107:CH109) -> 0.017066464 | CK108: 7.891 | CM108: =AVERAGE(CK107:CK109) -> 7.891
C109: 2 | D109: 430 | E109: =K41 -> 0.029154717 | F109: =M41 -> 11.61 | G109: 7 | H109: =MAX(D115,D104) -> 200.7 | K109: =MAX(E104,E115) -> 0.013607794 | N109: =MAX(F104,F115) -> 19.55 | W109: 17 | X109: 1008 | AA109: =X109*Pelvis!$I$11/1000 -> 0.068304715 | AD109: 7.891 | AJ109: 7 | AK109: 501.2 | AL109: =MAX(AK109,AK123) -> 501.2 | AO109: =AL109*Breast!$B$22/1000 -> 0.0716 | AR109: 9.641 | AS109: =MAX(AR109,AR123) -> 10.094 | BK109: 17 | BL109: =1008*$BD$114 -> 84 | BO109: =BL109*Head!$K$12/1000 -> 0.00569534 | BR109: 7.891 | CC109: 17 | CD109: =1008*$BD$121 -> 252 | CH109: =CD109*Thorax!$K$12/1000 -> 0.017066464 | CK109: 7.891
C110: 1 | D110: 443.3 | E110: =K43 -> 0.030056479 | F110: =M43 -> 10.77 | G110: 6 | H110: =MAX(D105,D105) -> 256.6 | J110: =AVERAGE(H109:H111) -> 256.66667 | K110: =E105 -> 0.017397908 | M110: =AVERAGE(K109:K111) -> 0.017402428 | N110: =F105 -> 16.75 | P110: =AVERAGE(N109:N111) -> 18.313333 | W110: 16 | X110: 1008 | AA110: =X110*Pelvis!$I$11/1000 -> 0.068304715 | AD110: 7.891 | AJ110: 6 | AK110: 628.9 | AL110: =MAX(AK110,AK122) -> 628.9 | AN110: =AVERAGE(AL109:AL111) -> 565.05 | AO110: =AL110*Breast!$B$22/1000 -> 0.089842857 | AQ110: =AVERAGE(AO109:AO111) -> 0.080721429 | AR110: 9.146 | AS110: =MAX(AR110,AR122) -> 9.607 | AU110: =AVERAGE(AS109:AS111) -> 9.8505 | BC110: Head and Neck | BK110: 16 | BL110: =1008*$BD$114 -> 84 | BO110: =BL110*Head!$K$12/1000 -> 0.00569534 | BR110: 7.891 | CC110: 16 | CD110: =1008*$BD$121 -> 252 | CH110: =CD110*Thorax!$K$12/1000 -> 0.017066464 | CK110: 7.891
C111: 0 | D111: 447.2 | E111: =K45 -> 0.030320905 | F111: =M45 -> 11.57 | G111: 5 | H111: =MAX(D114,D106) -> 312.7 | I111: =AVERAGE(H109:H113) -> 306.24 | K111: =MAX(E106,E114) -> 0.021201581 | L111: =AVERAGE(K109:K113) -> 0.020763582 | N111: =MAX(F106,F114) -> 18.64 | O111: =AVERAGE(N109:N113) -> 15.966 | W111: 15 | X111: 1008 | Y111: =AVERAGE(X111:X113) -> 1008 | Z111: =AVERAGE(X110:X112) -> 1008 | AA111: =X111*Pelvis!$I$11/1000 -> 0.068304715 | AB111: =AVERAGE(AA99:AA113) -> 0.068304715 | AC111: =AVERAGE(AA110:AA112) -> 0.068304715 | AD111: 7.891 | AE111: =AVERAGE(AD99:AD113) -> 7.891 | AF111: =AVERAGE(AD100:AD112) -> 7.891 | AJ111: 5 | AM111: =AVERAGE(AL109:AL113) -> 655.23333 | AP111: =AVERAGE(AO109:AO113) -> 0.093604762 | AT111: =AVERAGE(AS109:AS113) -> 9.4466667 | BC111: mA | BD111: 10 | BK111: 15 | BL111: =1008*$BD$114 -> 84 | BM111: =AVERAGE(BL109:BL113) -> 84 | BN111: =AVERAGE(BL100:BL112) -> 84 | BO111: =BL111*Head!$K$12/1000 -> 0.00569534 | BP111: =AVERAGE(BO109:BO113) -> 0.00569534 | BQ111: =AVERAGE(BO110:BO112) -> 0.00569534 | BR111: 7.891 | BS111: =AVERAGE(BR109:BR113) -> 7.891 | BT111: =AVERAGE(BR110:BR112) -> 7.891 | CC111: 15 | CD111: =1008*$BD$121 -> 252 | CE111: =AVERAGE(CD109:CD113) -> 252 | CF111: =AVERAGE(CD100:CD112) -> 252 | CH111: =CD111*Thorax!$K$12/1000 -> 0.017066464 | CI111: =AVERAGE(CH109:CH113) -> 0.017066464 | CJ111: =AVERAGE(CH110:CH112) -> 0.017066464 | CK111: 7.891 | CL111: =AVERAGE(CK109:CK113) -> 7.891 | CM111: =AVERAGE(CK110:CK112) -> 7.891
C112: -1 | D112: 434.4 | E112: =K47 -> 0.029453044 | F112: =M47 -> 11.18 | G112: 4 | H112: =MAX(D107,D107) -> 362 | K112: =E107 -> 0.024544203 | N112: =F107 -> 13.04 | W112: 14 | X112: 1008 | AA112: =X112*Pelvis!$I$11/1000 -> 0.068304715 | AD112: 7.891 | AJ112: 4 | AK112: 835.6 | AL112: =MAX(AK112,AK120) -> 835.6 | AO112: =AL112*Breast!$B$22/1000 -> 0.11937143 | AR112: 8.434 | AS112: =MAX(AR112,AR120) -> 8.639 | BC112: ms | BD112: 10 | BK112: 14 | BL112: =1008*$BD$114 -> 84 | BO112: =BL112*Head!$K$12/1000 -> 0.00569534 | BR112: 7.891 | CC112: 14 | CD112: =1008*$BD$121 -> 252 | CH112: =CD112*Thorax!$K$12/1000 -> 0.017066464 | CK112: 7.891
C113: -3 | D113: 379 | E113: =K51 -> 0.025696832 | F113: =M51 -> 11.85 | G113: 3 | H113: =MAX(D113,D108) -> 399.2 | J113: =AVERAGE(H112:H114) -> 397.06667 | K113: =MAX(E108,E113) -> 0.027066425 | M113: =AVERAGE(K112:K114) -> 0.026921782 | N113: =MAX(F108,F113) -> 11.85 | P113: =AVERAGE(N112:N114) -> 12.166667 | W113: 13 | X113: 1008 | AA113: =X113*Pelvis!$I$11/1000 -> 0.068304715 | AD113: 7.891 | AJ113: 3 | AN113: =AVERAGE(AL112:AL114) -> 898.7 | AQ113: =AVERAGE(AO112:AO114) -> 0.12838571 | AU113: =AVERAGE(AS112:AS114) -> 8.4895 | BC113: mAs | BD113: =BD111*BD112*10^-3 -> 0.1 | BK113: 13 | BL113: =1008*$BD$114 -> 84 | BO113: =BL113*Head!$K$12/1000 -> 0.00569534 | BR113: 7.891 | CC113: 13 | CD113: =1008*$BD$121 -> 252 | CH113: =CD113*Thorax!$K$12/1000 -> 0.017066464 | CK113: 7.891
C114: -5 | D114: 273 | E114: =K55 -> 0.018509855 | F114: =M55 -> 18.64 | G114: 2 | H114: =MAX(D109,D109) -> 430 | K114: =E109 -> 0.029154717 | N114: =F109 -> 11.61 | W114: 12 | X114: 1008 | Z114: =AVERAGE(X113:X115) -> 1008 | AA114: =X114*Pelvis!$I$11/1000 -> 0.068304715 | AC114: =AVERAGE(AA113:AA115) -> 0.068304715 | AD114: 7.891 | AF114: =AVERAGE(AD113:AD115) -> 7.891 | AJ114: 2 | AK114: 961.8 | AL114: =MAX(AK114,AK118) -> 961.8 | AO114: =AL114*Breast!$B$22/1000 -> 0.1374 | AR114: 8.049 | AS114: =MAX(AR114,AR118) -> 8.34 | BC114: scaling factor | BD114: =BD113/BD107 -> 0.083333333 | BK114: 12 | BL114: =1008*$BD$114 -> 84 | BN114: =AVERAGE(BL113:BL115) -> 84 | BO114: =BL114*Head!$K$12/1000 -> 0.00569534 | BQ114: =AVERAGE(BO113:BO115) -> 0.00569534 | BR114: 7.891 | BT114: =AVERAGE(BR113:BR115) -> 7.891 | CC114: 12 | CD114: =1008*$BD$121 -> 252 | CF114: =AVERAGE(CD113:CD115) -> 252 | CH114: =CD114*Thorax!$K$12/1000 -> 0.017066464 | CJ114: =AVERAGE(CH113:CH115) -> 0.017066464 | CK114: 7.891 | CM114: =AVERAGE(CK113:CK115) -> 7.891
C115: -7 | D115: 153.1 | E115: =K59 -> 0.010380435 | F115: =M59 -> 19.55 | G115: 1 | H115: =MAX(D110,D112) -> 443.3 | K115: =MAX(E110,E112) -> 0.030056479 | N115: =MAX(F110,F112) -> 11.18 | W115: 11 | X115: 1008 | AD115: 7.891 | AJ115: 1 | BK115: 11 | BL115: =1008*$BD$114 -> 84 | BR115: 7.891 | CC115: 11 | CD115: =1008*$BD$121 -> 252 | CK115: 7.891
...

Sheet Sheet1
J9: Breast 360 | K9: Mode | L9: RF high
K10: kvp | L10: 125
K11: mA | L11: 10
K12: ms | L12: 10
K13: frames/s | L13: 7
K14: Fan type | L14: Full
K15: Arc type | L15: Half
